 #### 26.2.3.1 RANGE COLUMNS 分区

RANGE COLUMNS分区类似于RANGE分区，但允许使用基于多个列值的范围来定义分区。此外，可以使用整数类型以外的列来定义范围。

RANGE COLUMNS分区与RANGE分区在以下几个方面有显著不同：

- RANGE COLUMNS 不接受表达式，只接受列名。

- RANGE COLUMNS 接受一个或多个列的列表。

  RANGE COLUMNS 分区基于元组（列值列表）之间的比较，而不是标量值之间的比较。将行放入RANGE COLUMNS分区也是基于元组之间的比较；稍后将在本节中进一步讨论这一点。

- RANGE COLUMNS分区列不限于整数列；字符串、DATE和DATETIME列也可以用作分区列。（详情请参见[第26.2.3节，"COLUMNS分区"](#2623-columns-partitioning)）

按RANGE COLUMNS分区的基本语法如下所示：

```sql
CREATE TABLE table_name
PARTITION BY RANGE COLUMNS(column_list) (
    PARTITION partition_name VALUES LESS THAN (value_list)[,
    PARTITION partition_name VALUES LESS THAN (value_list)][,
    ...]
)

column_list:
    column_name[, column_name][, ...]

value_list:
    value[, value][, ...]
```

> **注意**
>
> 这里没有显示创建分区表时可以使用的所有 `CREATE TABLE` 选项。有关完整信息，请参见[第15.1.20节，"CREATE TABLE 语句"](#15120-create-table-statement)。

在上述语法中，`column_list` 是一个或多个列的列表（有时称为分区列列表），而 `value_list` 是一个值列表（即，这是一个分区定义值列表）。每个分区定义必须提供一个 `value_list`，并且每个 `value_list` 必须具有与 `column_list` 中列数相同的值。一般来说，如果在COLUMNS子句中使用了N列，那么每个 `VALUES LESS THAN` 子句也必须提供一个N个值的列表。

定义每个分区的分区列列表和值列表中的元素必须按相同的顺序出现。此外，值列表中的每个元素必须与列列表中的对应元素的数据类型相同。然而，分区列列表和值列表中的列名顺序不必与 `CREATE TABLE` 语句主体中的表列定义顺序相同。与按RANGE分区的表一样，可以使用 `MAXVALUE` 表示一个值，使得插入给定列的任何合法值始终小于此值。以下是一个 `CREATE TABLE` 语句的示例，帮助说明所有这些要点：

```sql
mysql> CREATE TABLE rcx (
    ->     a INT,
    ->     b INT,
    ->     c CHAR(3),
    ->     d INT
    -> )
    -> PARTITION BY RANGE COLUMNS(a,d,c) (
    ->     PARTITION p0 VALUES LESS THAN (5,10,'ggg'),
    ->     PARTITION p1 VALUES LESS THAN (10,20,'mmm'),
    ->     PARTITION p2 VALUES LESS THAN (15,30,'sss'),
    ->     PARTITION p3 VALUES LESS THAN (MAXVALUE,MAXVALUE,MAXVALUE)
    -> );
Query OK, 0 rows affected (0.15 sec)
```

表 `rcx` 包含列 `a`、`b`、`c` 和 `d`。提供给COLUMNS子句的分区列列表使用了这四列中的三个，顺序为 `a`、`d`、`c`。每个用于定义分区的值列表包含按相同顺序排列的三个值；即每个值列表元组的形式为 `(INT, INT, CHAR(3))`，对应于列 `a`、`d` 和 `c`（按该顺序）使用的数据类型。

将行放入分区的过程是通过将与COLUMNS子句中的列列表匹配的行元组与用于定义表分区的 `VALUES LESS THAN` 子句中的元组进行比较来确定的。因为我们比较的是元组（即，值列表或集合），而不是标量值，所以使用RANGE COLUMNS分区的 `VALUES LESS THAN` 语义与简单RANGE分区有所不同。在RANGE分区中，生成表达式值等于 `VALUES LESS THAN` 限制值的行永远不会放在相应的分区中；然而，在使用RANGE COLUMNS分区时，当分区列列表的第一个元素的值等于 `VALUES LESS THAN` 值列表的第一个元素的值时，行有时可能会被放入相应的分区中。

考虑以下语句创建的RANGE分区表：

```sql
CREATE TABLE r1 (
    a INT,
    b INT
)
PARTITION BY RANGE (a)  (
    PARTITION p0 VALUES LESS THAN (5),
    PARTITION p1 VALUES LESS THAN (MAXVALUE)
);
```

如果我们向该表中插入三行，使每行的 `a` 列值均为5，则所有三行都存储在分区 `p1` 中，因为每个 `a` 列值都不小于5，如我们可以通过对 `Information Schema PARTITIONS` 表执行适当的查询所见：

```sql
mysql> INSERT INTO r1 VALUES (5,10), (5,11), (5,12);
Query OK, 3 rows affected (0.00 sec)
Records: 3  Duplicates: 0  Warnings: 0

mysql> SELECT PARTITION_NAME, TABLE_ROWS
    ->     FROM INFORMATION_SCHEMA.PARTITIONS
    ->     WHERE TABLE_NAME = 'r1';
+----------------+------------+
| PARTITION_NAME | TABLE_ROWS |
+----------------+------------+
| p0             |          0 |
| p1             |          3 |
+----------------+------------+
2 rows in set (0.00 sec)
```

现在考虑一个类似的表 `rc1`，它使用RANGE COLUMNS分区，并在COLUMNS子句中引用了列 `a` 和 `b`，如下所示：

```sql
CREATE TABLE rc1 (
    a INT,
    b INT
)
PARTITION BY RANGE COLUMNS(a, b) (
    PARTITION p0 VALUES LESS THAN (5, 12),
    PARTITION p3 VALUES LESS THAN (MAXVALUE, MAXVALUE)
);
```

如果我们向 `rc1` 中插入与刚才插入到 `r1` 中的完全相同的行，则行的分布会非常不同：

```sql
mysql> INSERT INTO rc1 VALUES (5,10), (5,11), (5,12);
Query OK, 3 rows affected (0.00 sec)
Records: 3  Duplicates: 0  Warnings: 0

mysql> SELECT PARTITION_NAME, TABLE_ROWS
    ->     FROM INFORMATION_SCHEMA.PARTITIONS
    ->     WHERE TABLE_NAME = 'rc1';
+----------------+------------+
| PARTITION_NAME | TABLE_ROWS |
+----------------+------------+
| p0             |          2 |
| p3             |          1 |
+----------------+------------+
2 rows in set (0.00 sec)
```

这是因为我们比较的是行而不是标量值。我们可以将插入的行值与用于定义 `rc1` 表中分区 `p0` 的 `VALUES LESS THAN` 子句的限制行值进行比较，如下所示：

```sql
mysql> SELECT (5,10) < (5,12), (5,11) < (5,12), (5,12) < (5,12);
+-----------------+-----------------+-----------------+
| (5,10) < (5,12) | (5,11) < (5,12) | (5,12) < (5,12) |
+-----------------+-----------------+-----------------+
|               1 |               1 |               0 |
+-----------------+-----------------+-----------------+
1 row in set (0.00 sec)
```

两个元组 `(5,10)` 和 `(5,11)` 被评估为小于 `(5,12)`，因此它们存储在分区 `p0` 中。因为 `5` 不小于 `5` 且 `12` 不小于 `12`，所以 `(5,12)` 被视为不小于 `(5,12)`，因此存储在分区 `p1` 中。

上述示例中的 `SELECT` 语句也可以使用显式行构造器来编写，如下所示：

```sql
SELECT ROW(5,10) < ROW(5,12), ROW(5,11) < ROW(5,12), ROW(5,12) < ROW(5,12);
```

有关在MySQL中使用行构造器的更多信息，请参见[第15.2.15.5节，"行子查询"](#152155-row-subqueries)。

对于仅使用单个分区列按RANGE COLUMNS分区的表，将行存储在分区中的方式与按RANGE分区的等效表相同。以下 `CREATE TABLE` 语句创建了一个按RANGE COLUMNS分区且使用1个分区列的表：

```sql
CREATE TABLE rx (
    a INT,
    b INT
)
PARTITION BY RANGE COLUMNS (a)  (
    PARTITION p0 VALUES LESS THAN (5),
    PARTITION p1 VALUES LESS THAN (MAXVALUE)
);
```

如果我们向该表中插入行 `(5,10)`、`(5,11)` 和 `(5,12)`，可以看到它们的放置方式与之前创建和填充的 `r` 表相同：

```sql
mysql> INSERT INTO rx VALUES (5,10), (5,11), (5,12);
Query OK, 3 rows affected (0.00 sec)
Records: 3  Duplicates: 0  Warnings: 0

mysql> SELECT PARTITION_NAME,TABLE_ROWS
    ->     FROM INFORMATION_SCHEMA.PARTITIONS
    ->     WHERE TABLE_NAME = 'rx';
+----------------+------------+
| PARTITION_NAME | TABLE_ROWS |
+----------------+------------+
| p0             |          0 |
| p1             |          3 |
+----------------+------------+
2 rows in set (0.00 sec)
```

还可以创建按RANGE COLUMNS分区的表，其中一个或多个列的限制值在连续的分区定义中重复。只要用于定义分区的列值元组严格递增，就可以这样做。例如，以下 `CREATE TABLE` 语句均有效：

```sql
CREATE TABLE rc2 (
    a INT,
    b INT
)
PARTITION BY RANGE COLUMNS(a,b) (
    PARTITION p0 VALUES LESS THAN (0,10),
    PARTITION p1 VALUES LESS THAN (10,20),
    PARTITION p2 VALUES LESS THAN (10,30),
    PARTITION p3 VALUES LESS THAN (MAXVALUE,MAXVALUE)
 );

CREATE TABLE rc3 (
    a INT,
    b INT
)
PARTITION BY RANGE COLUMNS(a,b) (
    PARTITION p0 VALUES LESS THAN (0,10),
    PARTITION p1 VALUES LESS THAN (10,20),
    PARTITION p2 VALUES LESS THAN (10,30),
    PARTITION p3 VALUES LESS THAN (10,35),
    PARTITION p4 VALUES LESS THAN (20,40),
    PARTITION p5 VALUES LESS THAN (MAXVALUE,MAXVALUE)
 );
```

以下语句也会成功，尽管乍看之下似乎不会成功，因为 `b` 列的限制值为 `p0` 分区为25，`p1` 分区为20，`c` 列的限制值为 `p1` 分区为100，`p2` 分区为50：

```sql
CREATE TABLE rc4 (
    a INT,
    b INT,
    c INT
)
PARTITION BY RANGE COLUMNS(a,b,c) (
    PARTITION p0 VALUES LESS THAN (0,25,50),
    PARTITION p1 VALUES LESS THAN (10,20,100),
    PARTITION p2 VALUES LESS THAN (10,30,50),
    PARTITION p3 VALUES LESS THAN (MAXVALUE,MAXVALUE,MAXVALUE)
 );
```

设计按RANGE COLUMNS分区的表时，您可以始终通过使用mysql客户端比较所需元组来测试连续的分区定义，如下所示：

```sql
mysql> SELECT (0,25,50) < (10,20,100), (10,20,100) < (10,30,50);
+-------------------------+--------------------------+
| (0,25,50) < (10,20,100) | (10,20,100) < (10,30,50) |
+-------------------------+--------------------------+
|                       1 |                        1 |
+-------------------------+--------------------------+
1 row in set (0.00 sec)
```

如果 `CREATE TABLE` 语句包含不是严格递增顺序的分区定义，它将失败并显示错误，如下示例所示：

```sql
mysql> CREATE TABLE rcf (
    ->     a INT,
    ->     b INT,
    ->     c INT
    -> )
    -> PARTITION BY RANGE COLUMNS(a,b,c) (
    ->     PARTITION p0 VALUES LESS THAN (0,25,50),
    ->     PARTITION p1 VALUES LESS THAN (20,20,100),
    ->     PARTITION p2 VALUES LESS THAN (10,30,50),
    ->     PARTITION p3 VALUES LESS THAN (MAXVALUE,MAXVALUE,MAXVALUE)
    ->  );
ERROR 1493 (HY000): VALUES LESS THAN value must be strictly increasing for each partition
```

当您遇到这样的错误时，可以通过在列列表之间进行“小于”比较来推断哪些分区定义无效。在这种情况下，问题出在 `p2` 分区的定义上，因为用于定义它的元组不小于用于定义 `p3` 分区的元组，如下所示：

```sql
mysql> SELECT (0,25,50) < (20,20,100), (20,20,100) < (10,30,50);
+-------------------------+--------------------------+
| (0,25,50) < (20,20,100) | (20,20,100) < (10,30,50) |
+-------------------------+--------------------------+
|                       1 |                        0 |
+-------------------------+--------------------------+
1 row in set (0.00 sec)
```

使用RANGE COLUMNS时，`MAXVALUE` 也可以在多个 `VALUES LESS THAN` 子句中出现。然而，连续分区定义中各列的限制值应递增，不应为多个分区定义使用所有列值的上限 `MAXVALUE`，并且该分区定义应出现在 `PARTITION ... VALUES LESS THAN` 子句列表的最后。此外，不能在多个分区定义中将 `MAXVALUE` 作为第一个列的限制值。

如前所述，使用RANGE COLUMNS分区还可以使用非整数列作为分区列。（有关这些的完整列表，请参见[第26.2.3节，"COLUMNS分区"](#2623-columns-partitioning)）。考虑一个名为 `employees` 的表（未分区），其创建语句如下：

```sql
CREATE TABLE employees (
    id INT NOT NULL,
    fname VARCHAR(30),
    lname VARCHAR(30),
    hired DATE NOT NULL DEFAULT '1970-01-01',
    separated DATE NOT NULL DEFAULT '9999-12-31',
    job_code INT NOT NULL,
    store_id INT NOT NULL
);
```

使用RANGE COLUMNS分区，可以创建一个表的版本，将每行根据员工的姓氏存储在四个分区之一中，如下所示：

```sql
CREATE TABLE employees_by_lname (
    id INT NOT NULL,
    fname VARCHAR(30),
    lname VARCHAR(30),
    hired DATE NOT NULL DEFAULT '1970-01-01',
    separated DATE NOT NULL DEFAULT '9999-12-31',
    job_code INT NOT NULL,
    store_id INT NOT NULL
)
PARTITION BY RANGE COLUMNS (lname)  (
    PARTITION p0 VALUES LESS THAN ('g'),
    PARTITION p1 VALUES LESS THAN ('m'),
    PARTITION p2 VALUES LESS THAN ('t'),
    PARTITION p3 VALUES LESS THAN (MAXVALUE)
);
```

或者，您可以通过执行以下 `ALTER TABLE` 语句将先前创建的 `employees` 表按此方案进行分区：

```sql
ALTER TABLE employees PARTITION BY RANGE COLUMNS (lname)  (
    PARTITION p0 VALUES LESS THAN ('g'),
    PARTITION p1 VALUES LESS THAN ('m'),
    PARTITION p2 VALUES LESS THAN ('t'),
    PARTITION p3 VALUES LESS THAN (MAXVALUE)
);
```

> **注意**
>
> 由于不同的字符集和排序规则具有不同的排序顺序，使用字符串列作为分区列时，使用的字符集和排序规则可能会影响分区表中给定行存储的位置。此外，在创建此类表后更改给定数据库、表或列的字符集或排序规则可能会导致行分布方式的变化。例如，使用区分大小写的排序规则时，`'and'` 排在 `'Andersen'` 之前，但使用不区分大小写的排序规则时，情况则相反。

有关MySQL如何处理字符集和排序规则的信息，请参见[第12章，字符集、排序规则、Unicode](#chapter-12-character-sets-collations-unicode)。

同样，您可以通过以下 `ALTER TABLE` 语句使 `employees` 表按每位员工被雇佣的十年存储在多个分区之一中：

```sql
ALTER TABLE employees PARTITION BY RANGE COLUMNS (hired)  (
    PARTITION p0 VALUES LESS THAN ('1970-01-01'),
    PARTITION p1 VALUES LESS THAN ('1980-01-01'),
    PARTITION p2 VALUES LESS THAN ('1990-01-01'),
    PARTITION p3 VALUES LESS THAN ('2000-01-01'),
    PARTITION p4 VALUES LESS THAN ('2010-01-01'),
    PARTITION p5 VALUES LESS THAN (MAXVALUE)
);
```

有关 `PARTITION BY RANGE COLUMNS` 语法的更多信息，请参见[第15.1.20节，"CREATE TABLE 语句"](#15120-create-table-statement)。