### 26.3.1 RANGE 和 LIST 分区的管理

添加和删除 RANGE 和 LIST 分区的操作方式相似，因此我们在本节讨论两种分区类型的管理。有关 HASH 或 KEY 分区管理的信息，请参见[第 26.3.2 节](#2632-hash-和-key-分区的管理)。

使用 `ALTER TABLE` 语句的 `DROP PARTITION` 选项，可以从按 RANGE 或 LIST 分区的表中删除分区。假设使用以下 `CREATE TABLE` 和 `INSERT` 语句创建并填充了一个按范围分区的表，其中包含 10 条记录：

```sql
mysql> CREATE TABLE tr (id INT, name VARCHAR(50), purchased DATE)
    ->     PARTITION BY RANGE( YEAR(purchased) ) (
    ->         PARTITION p0 VALUES LESS THAN (1990),
    ->         PARTITION p1 VALUES LESS THAN (1995),
    ->         PARTITION p2 VALUES LESS THAN (2000),
    ->         PARTITION p3 VALUES LESS THAN (2005),
    ->         PARTITION p4 VALUES LESS THAN (2010),
    ->         PARTITION p5 VALUES LESS THAN (2015)
    ->     );
Query OK, 0 rows affected (0.28 sec)

mysql> INSERT INTO tr VALUES
    ->     (1, 'desk organiser', '2003-10-15'),
    ->     (2, 'alarm clock', '1997-11-05'),
    ->     (3, 'chair', '2009-03-10'),
    ->     (4, 'bookcase', '1989-01-10'),
    ->     (5, 'exercise bike', '2014-05-09'),
    ->     (6, 'sofa', '1987-06-05'),
    ->     (7, 'espresso maker', '2011-11-22'),
    ->     (8, 'aquarium', '1992-08-04'),
    ->     (9, 'study desk', '2006-09-16'),
    ->     (10, 'lava lamp', '1998-12-25');
Query OK, 10 rows affected (0.05 sec)
Records: 10  Duplicates: 0  Warnings: 0
```

可以使用以下查询查看哪些项已插入到分区 `p2` 中：

```sql
SELECT * FROM tr
    WHERE purchased BETWEEN '1995-01-01' AND '1999-12-31';
```

```sql
+------+-------------+------------+
| id   | name        | purchased  |
+------+-------------+------------+
|    2 | alarm clock | 1997-11-05 |
|   10 | lava lamp   | 1998-12-25 |
+------+-------------+------------+
```

也可以使用分区选择来获取此信息，如下所示：

```sql
SELECT * FROM tr PARTITION (p2);
+------+-------------+------------+
| id   | name        | purchased  |
+------+-------------+------------+
|    2 | alarm clock | 1997-11-05 |
|   10 | lava lamp   | 1998-12-25 |
+------+-------------+------------+
```

有关分区选择的更多信息，请参见[第 26.5 节](#265-分区选择)。

要删除名为 `p2` 的分区，请执行以下命令：

```sql
mysql> ALTER TABLE tr DROP PARTITION p2;
Query OK, 0 rows affected (0.03 sec)
```

> **注意**
>
> NDBCLUSTER 存储引擎不支持 `ALTER TABLE ... DROP PARTITION`。然而，它支持本章中描述的其他与分区相关的 `ALTER TABLE` 扩展。

必须记住，当删除一个分区时，也会删除存储在该分区中的所有数据。通过重新运行前面的查询可以看到这一点：

```sql
SELECT * FROM tr WHERE purchased
    BETWEEN '1995-01-01' AND '1999-12-31';
Empty set (0.00 sec)
```

> **注意**
>
> `DROP PARTITION` 受原生分区原地 API 支持，可与 `ALGORITHM={COPY|INPLACE}` 一起使用。`ALGORITHM=INPLACE` 的 `DROP PARTITION` 删除分区中的数据并删除该分区。然而，`ALGORITHM=COPY` 或 `old_alter_table=ON` 的 `DROP PARTITION` 会重建分区表，并尝试将数据从删除的分区移动到具有兼容 `PARTITION ... VALUES` 定义的另一个分区。无法移动到其他分区的数据将被删除。

因此，必须具有表的 `DROP` 特权，才能对该表执行 `ALTER TABLE ... DROP PARTITION`。

如果希望删除所有分区中的所有数据，但保留表定义及其分区方案，请使用 `TRUNCATE TABLE` 语句。（见[第 15.1.37 节](#15137-truncate-table-语句)）。

如果要在不丢失数据的情况下更改表的分区，请使用 `ALTER TABLE ... REORGANIZE PARTITION`。有关 `REORGANIZE PARTITION` 的信息，请参见下文或[第 15.1.9 节](#1519-alter-table-语句)。

现在执行 `SHOW CREATE TABLE` 语句，可以看到表的分区构成发生了变化：

```sql
mysql> SHOW CREATE TABLE tr\G
*************************** 1. row ***************************
       Table: tr
Create Table: CREATE TABLE `tr` (
  `id` int(11) DEFAULT NULL,
  `name` varchar(50) DEFAULT NULL,
  `purchased` date DEFAULT NULL
) ENGINE=InnoDB DEFAULT CHARSET=utf8mb4 COLLATE=utf8mb4_0900_ai_ci
/*!50100 PARTITION BY RANGE ( YEAR(purchased))
(PARTITION p0 VALUES LESS THAN (1990) ENGINE = InnoDB,
 PARTITION p1 VALUES LESS THAN (1995) ENGINE = InnoDB,
 PARTITION p3 VALUES LESS THAN (2005) ENGINE = InnoDB,
 PARTITION p4 VALUES LESS THAN (2010) ENGINE = InnoDB,
 PARTITION p5 VALUES LESS THAN (2015) ENGINE = InnoDB) */
1 row in set (0.00 sec)
```

当插入新的行且 `purchased` 列值在 '1995-01-01' 和 '2004-12-31' 之间（含）时，这些行会存储在分区 `p3` 中。可以如下验证：

```sql
mysql> INSERT INTO tr VALUES (11, 'pencil holder', '1995-07-12');
Query OK, 1 row affected (0.00 sec)

mysql> SELECT * FROM tr WHERE purchased
    -> BETWEEN '1995-01-01' AND '2004-12-31';
+------+----------------+------------+
| id   | name           | purchased  |
+------+----------------+------------+
|    1 | desk organiser | 2003-10-15 |
|   11 | pencil holder  | 1995-07-12 |
+------+----------------+------------+
2 rows in set (0.00 sec)

mysql> ALTER TABLE tr DROP PARTITION p3;
Query OK, 0 rows affected (0.03 sec)

mysql> SELECT * FROM tr WHERE purchased
    -> BETWEEN '1995-01-01' AND '2004-12-31';
Empty set (0.00 sec)
```

`ALTER TABLE ... DROP PARTITION` 删除的行数不会像等效的 `DELETE` 查询那样被服务器报告。

删除 LIST 分区使用与删除 RANGE 分区完全相同的 `ALTER TABLE ... DROP PARTITION` 语法。然而，这对以后使用表有一个重要影响：无法再向表中插入包含已删除分区的值列表中任意值的行。（参见[第 26.2.2 节](#2622-list-分区)中的示例。）

要向先前分区的表中添加新的范围或列表分区，请使用 `ALTER TABLE ... ADD PARTITION` 语句。对于按 RANGE 分区的表，可以使用此语句在现有分区列表的末尾添加新的范围。假设有一个包含组织成员数据的分区表，其定义如下：

```sql
CREATE TABLE members (
    id INT,
    fname VARCHAR(25),
    lname VARCHAR(25),
    dob DATE
)
PARTITION BY RANGE( YEAR(dob) ) (
    PARTITION p0 VALUES LESS THAN (1980),
    PARTITION p1 VALUES LESS THAN (1990),
    PARTITION p2 VALUES LESS THAN (2000)
);
```

假设成员的最低年龄为 16 岁。在 2015 年接近尾声时，您意识到必须为出生于 2000 年及以后的新成员做好准备。可以通过如下方式修改 `members` 表，以容纳出生于 2000 年至 2010 年的新成员：

```sql
ALTER TABLE members ADD PARTITION (PARTITION p3 VALUES LESS THAN (2010));
```

对于按范围分区的表，可以使用 `ADD PARTITION` 仅在分区列表的高端添加新分区。尝试以这种方式在现有分区之间或之前添加新分区会导致错误，如下所示：

```sql
ALTER TABLE members
    ADD PARTITION (
        PARTITION n VALUES LESS THAN (1970));
```

```sql
ERROR 1463 (HY000): VALUES LESS THAN value must be strictly increasing for each partition
```

可以通过将第一个分区重新组织为两个新分区来解决这个问题，使它们之间的范围分开，如下所示：

```sql
ALTER TABLE members
    REORGANIZE PARTITION p0 INTO (
        PARTITION n0 VALUES LESS THAN (1970),
        PARTITION n1 VALUES LESS THAN (1980)
);
```

使用 `SHOW CREATE TABLE` 可以看到 `ALTER TABLE` 语句已产生预期效果：

```sql
SHOW CREATE TABLE members\G
*************************** 1. row ***************************
       Table: members
Create Table: CREATE TABLE `members` (
  `id` int(11) DEFAULT NULL,
  `fname` varchar(25) DEFAULT NULL,
  `lname` varchar(25) DEFAULT NULL,
  `dob` date DEFAULT NULL
) ENGINE=InnoDB DEFAULT CHARSET=utf8mb4 COLLATE=utf8mb4_0900_ai_ci
/*!50100 PARTITION BY RANGE ( YEAR(dob))
(PARTITION n0 VALUES LESS THAN (1970) ENGINE = InnoDB,
 PARTITION n1 VALUES LESS THAN (1980) ENGINE = InnoDB,
 PARTITION p1 VALUES LESS THAN (1990) ENGINE = InnoDB,
 PARTITION p2 VALUES LESS THAN (2000) ENGINE = InnoDB,
 PARTITION p3 VALUES LESS THAN (2010) ENGINE = InnoDB) */
1 row in set (0.00 sec)
```

有关更多信息，请参见[第 15.1.9.1 节](#15191-alter-table-分区操作)。

可以使用 `ALTER TABLE ... ADD PARTITION` 向按 LIST 分区的表中添加新分区。假设表 `tt` 定义如下：

```sql
CREATE TABLE tt (
    id INT,
    data INT
)
PARTITION BY LIST(data) (
    PARTITION p0 VALUES IN (5, 10, 15),
    PARTITION p1 VALUES IN (6, 12, 18)
);
```

可以添加一个新分区，用于存储 `data` 列值为 7、14 和 21 的行，如下所示：

```sql
ALTER TABLE tt ADD PARTITION (PARTITION p2 VALUES IN (7, 14, 21));
```

请注意，不能添加包含已存在于现有分区值列表中的值的新 LIST 分区。如果尝试这样做，会导致错误：

```sql
ALTER TABLE tt ADD PARTITION 
    (PARTITION np VALUES IN (4, 8, 12));
ERROR 1465 (HY000): Multiple definition of same constant in list partitioning
```

由于 `data` 列值 12 已分配给分区 `p1`，因此无法在表 `tt` 中创建包含 12 的新分区。要实现这一点，可以删除 `p1`，然后添加 `np` 和新的 `p1`，但这会导致丢失 `p1` 中的所有数据，这通常不是所希望的。另一个解决方案是创建具有新分区的表副本，并使用 `CREATE TABLE ... SELECT ...` 将数据复制到其中，然后删除旧表并重命名新表，但处理大量数据时，这可能非常耗时。此外，在高可用性要求的情况下，这也可能不可行。

可以在单个 `ALTER TABLE ... ADD PARTITION` 语句中添加多个分区，如下所示：

```sql
CREATE TABLE employees (
  id INT NOT NULL,
  fname VARCHAR(50) NOT NULL,
  lname VARCHAR(50) NOT NULL,
  hired DATE NOT NULL
)
PARTITION BY RANGE( YEAR(hired) ) (
  PARTITION p1 VALUES LESS THAN (1991),
  PARTITION p2 VALUES LESS THAN (1996),
  PARTITION p3 VALUES LESS THAN (2001),
  PARTITION p4 VALUES LESS THAN (2005)
);

ALTER TABLE employees ADD PARTITION (
    PARTITION p5 VALUES LESS THAN (2010),
    PARTITION p6 VALUES LESS THAN MAXVALUE
);
```

幸运的是，MySQL 的分区实现提供了无需丢失数据即可重新定义分区的方法。首先，让我们看看一些涉及 RANGE 分区的简单示例。回顾一下 `members` 表，它现在的定义如下：

```sql
SHOW CREATE TABLE members\G
*************************** 1. row ***************************
       Table: members
Create Table: CREATE TABLE `members` (
  `id` int(11) DEFAULT NULL,
  `fname` varchar(25) DEFAULT NULL,
  `lname` varchar(25) DEFAULT NULL,
  `dob` date DEFAULT NULL
) ENGINE=InnoDB DEFAULT CHARSET=utf8mb4 COLLATE=utf8mb4_0900_ai_ci
/*!50100 PARTITION BY RANGE ( YEAR(dob))
(PARTITION n0 VALUES LESS THAN (1970) ENGINE = InnoDB,
 PARTITION n1 VALUES LESS THAN (1980) ENGINE = InnoDB,
 PARTITION p1 VALUES LESS THAN (1990) ENGINE = InnoDB,
 PARTITION p2 VALUES LESS THAN (2000) ENGINE = InnoDB,
 PARTITION p3 VALUES LESS THAN (2010) ENGINE = InnoDB) */
1 row in set (0.00 sec)
```

假设希望将所有出生于 1960 年之前的成员记录移动到一个单独的分区。正如我们已经看到的，这不能通过 `ALTER TABLE ... ADD PARTITION` 实现。然而，可以使用另一个与分区相关的 `ALTER TABLE` 扩展来实现：

```sql
ALTER TABLE members REORGANIZE PARTITION n0 INTO (
    PARTITION s0 VALUES LESS THAN (1960),
    PARTITION s1 VALUES LESS THAN (1970)
);
```

实际上，这个命令将分区 `p0` 分成两个新分区 `s0` 和 `s1`。它还将存储在 `p0` 中的数据根据两个 `PARTITION ... VALUES ...` 子句中的规则移动到新分区中，因此 `s0` 只包含 `YEAR(dob)` 小于 1960 的记录，而 `s1` 包含 `YEAR(dob)` 大于等于 1960 且小于 1970 的记录。

`REORGANIZE PARTITION` 子句还可用于合并相邻分区。可以如下所示逆转前面对 `members` 表的操作：

```sql
ALTER TABLE members REORGANIZE PARTITION s0,s1 INTO (
    PARTITION p0 VALUES LESS THAN (1970)
);
```

在使用 `REORGANIZE PARTITION` 拆分或合并分区时不会丢失数据。执行上述语句时，MySQL 会将存储在分区 `s0` 和 `s1` 中的所有记录移动到分区 `p0`。

`REORGANIZE PARTITION` 的一般语法如下：

```sql
ALTER TABLE tbl_name
    REORGANIZE PARTITION partition_list
    INTO (partition_definitions);
```

其中，`tbl_name` 是分区表的名称，`partition_list` 是一个或多个现有分区名称的逗号分隔列表。`partition_definitions` 是新的分区定义的逗号分隔列表，其遵循与 `CREATE TABLE` 中 `partition_definitions` 列表相同的规则。使用 `REORGANIZE PARTITION` 时，不限于将几个分区合并为一个或将一个分区拆分为多个。例如，可以如下方式将 `members` 表的所有四个分区重新组织为两个：

```sql
ALTER TABLE members REORGANIZE PARTITION p0,p1,p2,p3 INTO (
    PARTITION m0 VALUES LESS THAN (1980),
    PARTITION m1 VALUES LESS THAN (2000)
);
```

还可以对按 LIST 分区的表使用 `REORGANIZE PARTITION`。让我们回到之前添加新分区到 `tt` 表时因新分区具有已存在于现有分区值列表中的值而失败的问题。可以通过添加一个仅包含非冲突值的新分区，然后重新组织新分区和现有分区，以便将存储在现有分区中的值移动到新分区来解决这个问题：

```sql
ALTER TABLE tt ADD PARTITION (PARTITION np VALUES IN (4, 8));
ALTER TABLE tt REORGANIZE PARTITION p1,np INTO (
    PARTITION p1 VALUES IN (6, 18),
    PARTITION np VALUES IN (4, 8, 12)
);
```

以下是使用 `ALTER TABLE ... REORGANIZE PARTITION` 对按 RANGE 或 LIST 分区的表进行重新分区时需注意的一些关键点：

- 用于确定新分区方案的 `PARTITION` 选项受与 `CREATE TABLE` 语句中使用的相同规则的约束。
- 新的 RANGE 分区方案不能有任何重叠范围；新的 LIST 分区方案不能有任何重叠值集。
- `partition_definitions` 列表中的分区组合应覆盖与 `partition_list` 中指定的分区组合相同的值范围或集合。

例如，在本节示例中的 `members` 表中，分区 `p1` 和 `p2` 一起覆盖了 1980 年至 1999 年的年份范围。对这两个分区的任何重新组织应该整体上覆盖相同的年份范围。

- 对于按 RANGE 分区的表，只能重新组织相邻分区；不能跳过范围分区。